nombre_completo,abandona,rango_edad,sexo,grado_escolar,frecuencia_asistencia,apoyo_familiar,rendimiento_academico,considera_desertar,situacion_economica,acceso_tecnologia,actividades_extras,relacion_social,motivacion_estudios,tiempo_traslado,trabaja_estudia,vive_solo,horario_adecuado
LuisMiguel,1,19,1,1,100,3,4,1,1,2,1,4,4,60,1,0,0
Jonas,1,19,1,1,80,2,5,1,2,2,0,5,4,22,0,0,0
Sessa,1,16,1,0,100,3,4,1,3,2,0,4,4,60,0,0,0
Gerardo,0,19,1,1,60,3,4,0,4,2,1,2,4,10,0,0,1
Camilo,1,19,0,1,80,1,5,1,4,2,0,1,4,45,1,0,0
Alma,0,16,1,0,100,2,3,0,2,2,1,5,3,10,0,0,1
Juan,1,22,0,1,80,2,2,1,1,2,0,4,3,10,0,1,0
Yeni,0,19,0,1,100,3,5,0,4,1,1,4,5,60,0,0,0
Silvano,1,22,1,1,0,3,3,0,2,2,1,3,3,45,0,1,2
Claudio,1,19,0,1,60,0,4,1,1,2,1,3,2,22,2,0,2
Esparta,0,16,1,0,80,3,5,0,1,2,0,3,4,22,0,0,0
Cornelio,0,16,1,0,60,3,3,0,2,2,0,5,4,10,0,0,2
Martin,0,19,0,1,20,3,5,0,2,2,1,5,5,45,1,0,0
Jose,1,19,0,1,20,3,1,1,3,2,1,3,2,10,0,0,2
Rebeca,0,22,1,1,20,2,3,0,4,2,1,4,4,22,0,0,0
Virginia,0,19,0,1,100,2,5,0,4,2,0,5,5,60,2,0,0
Pablo,0,22,0,1,20,3,5,0,3,1,1,5,4,22,1,1,2
Eloy,0,19,0,1,100,3,5,0,3,2,1,4,5,45,1,0,0
Violeta,0,19,0,1,80,3,4,0,1,0,1,3,4,22,1,0,0
JoseEmilio,0,16,1,0,80,3,5,0,3,2,1,3,5,10,0,0,2
Georgina,0,22,0,1,60,2,3,0,3,2,0,5,4,22,1,0,1
Ariadna,1,22,0,1,20,0,1,0,3,2,0,4,2,10,0,0,2
MariaLuisa,0,15,0,0,100,3,5,0,2,1,1,1,5,60,0,0,0
Gilberto,1,19,1,1,100,2,5,0,2,1,0,1,4,45,0,0,1
Gabriel,0,22,0,1,20,3,4,0,3,2,0,3,5,45,2,0,1
Barbara,0,19,1,1,100,2,5,0,2,2,0,5,4,60,0,0,2
Rocio,0,19,1,1,100,3,5,0,2,2,1,5,5,45,0,0,0
Helena,0,19,1,1,80,1,2,0,3,1,0,4,1,45,1,0,0
JoseManuel,0,19,0,1,100,3,5,0,3,1,1,4,5,60,0,0,0
Mario,1,16,0,0,20,3,4,0,4,2,0,5,4,60,0,0,2
Ricardo,0,22,1,1,100,1,4,0,3,2,1,4,3,22,2,0,0
Roberto,0,22,0,1,100,2,4,0,3,2,0,5,5,45,0,0,1
Leonardo,0,16,1,0,100,3,5,0,3,2,1,1,4,22,0,0,2
Oswaldo,0,19,0,1,100,3,5,0,3,2,0,5,5,60,2,0,1
Virginia,0,22,0,1,80,1,5,0,2,2,1,3,2,45,0,1,0
Mauricio,1,19,1,1,100,2,3,1,3,2,1,3,2,10,0,0,0
Ruben,0,24,0,1,80,3,4,0,4,2,0,5,5,10,0,1,0
Beatriz,1,19,0,1,20,1,1,1,2,2,0,3,3,22,1,0,0
Andrea,1,16,0,0,60,1,2,1,2,2,0,4,1,45,0,0,0
Juan,0,24,0,1,60,3,4,1,2,2,0,4,4,22,1,0,1
JoseLuis,1,22,1,1,80,1,3,1,2,2,0,1,3,10,0,0,1
Itzel,0,22,1,1,80,1,4,1,3,2,0,3,3,22,0,0,2
Maria,1,16,0,0,20,2,3,1,2,1,1,2,3,22,0,1,0
Debora,0,24,1,1,100,2,4,0,4,2,0,3,5,10,0,0,0
Rosa,1,16,1,0,60,3,3,0,3,1,0,2,2,60,0,0,2
Luz,0,22,1,1,100,3,4,0,4,2,1,2,5,60,0,0,1
Manuel,0,22,0,1,100,2,4,1,4,2,0,3,5,22,1,0,0
Alberto,0,19,1,1,80,2,5,0,3,2,1,2,5,22,0,0,1
Fabiola,0,19,1,1,100,2,4,0,3,0,0,5,5,22,1,0,1
Uriel,0,19,1,1,20,2,4,0,3,2,0,3,4,10,2,0,1
Aurelio,0,24,0,1,100,3,5,1,4,2,0,4,5,45,0,0,0
Esparta,0,22,1,1,100,3,3,0,4,1,1,5,3,22,0,0,0
Cristina,0,15,0,0,80,3,5,0,2,2,0,3,5,10,0,0,0
Jaime,0,24,0,1,100,3,2,0,2,2,0,4,1,60,0,0,0
Isabela,1,16,1,0,60,2,1,1,3,1,1,4,2,22,0,0,1
Dario,0,16,1,0,100,2,4,0,3,0,0,4,5,10,0,0,0
MariaTeresa,0,15,0,0,100,2,5,0,1,1,1,5,5,22,0,0,0
Esperanza,1,22,0,1,20,2,1,1,3,2,1,5,1,10,0,0,1
Nadia,0,19,1,1,80,2,5,0,2,2,0,5,5,22,0,0,0
Cristal,1,19,0,1,100,3,5,1,2,0,1,2,5,10,0,0,1
Rene,0,15,0,0,100,3,5,0,3,1,1,4,4,22,0,0,0
Liliana,1,16,1,0,60,2,3,0,3,2,0,4,3,60,0,0,1
Victoria,0,19,1,1,0,3,4,0,3,1,0,4,5,45,0,0,2
Dalia,0,22,0,1,100,2,3,0,2,2,0,3,3,60,1,1,0
Guillermo,0,22,0,1,80,2,5,0,1,2,1,3,5,60,0,1,0
MariaEugenia,0,24,1,1,80,3,5,0,4,0,0,3,4,10,1,0,1
Roberto,0,19,1,1,100,2,5,0,3,1,0,5,4,60,0,1,1
JoseCarlos,0,19,1,1,80,3,5,0,4,2,0,4,5,10,0,0,0
Flavio,1,16,0,0,0,3,3,0,3,1,1,5,2,22,0,0,2
Nelly,0,19,0,1,100,2,5,0,3,2,0,3,4,10,1,0,0
Amalia,0,22,1,1,100,2,4,0,3,1,1,3,4,22,0,0,0
Benjamin,0,19,0,1,100,3,5,0,3,2,0,4,4,10,1,0,0
Enrique,0,22,0,1,100,3,5,0,4,2,1,4,4,60,1,1,1
Isaac,0,22,1,1,100,3,5,0,2,2,1,1,5,10,0,1,0
Modesto,1,22,1,1,0,2,4,0,3,2,1,4,5,10,1,0,2
Patricio,0,19,1,1,20,3,4,1,2,2,0,4,4,22,0,0,2
Bernabe,1,22,0,1,100,0,1,1,3,2,1,4,1,60,0,0,0
Hermelinda,0,22,0,1,20,3,4,0,4,1,0,5,5,22,0,0,2
Cristina,1,22,0,1,60,0,4,1,4,2,1,3,4,45,1,1,2
Adan,0,16,0,0,100,3,5,0,2,1,1,4,4,22,0,0,0
Diego,1,22,0,1,80,0,2,1,3,2,0,4,3,45,0,0,0
Gabriel,0,24,0,1,80,3,5,0,1,2,0,2,4,10,0,0,0
Porfirio,1,22,1,1,60,2,2,0,3,0,1,2,2,45,1,1,2
Rosalia,0,22,0,1,100,3,5,0,3,2,1,2,4,10,0,1,0
Irene,0,19,0,1,100,3,5,0,3,1,1,5,5,10,1,0,0
Ernesto,0,19,1,1,100,3,4,0,3,2,0,5,5,22,1,0,1
Linda,0,19,0,1,100,3,4,0,3,2,0,4,5,10,0,1,0
Diego,0,19,0,1,100,2,5,0,3,1,0,5,4,45,0,0,0
Helena,0,19,0,1,20,2,4,0,4,2,0,4,5,10,0,0,2
Gonzalo,0,19,1,1,100,3,5,0,2,2,0,4,5,10,0,0,2
Benjamin,1,19,0,1,20,3,5,1,4,2,1,4,5,22,1,0,0
Eugenio,0,22,0,1,100,3,3,0,3,2,0,4,4,60,1,0,0
Federico,0,19,0,1,100,3,5,0,3,2,1,2,5,60,0,1,0
Fidel,0,22,1,1,100,3,4,0,3,2,1,5,5,45,0,0,0
JoseMaria,0,19,0,1,100,2,4,0,3,1,0,4,5,22,0,0,1
Eugenia,0,19,0,1,80,2,4,0,3,2,1,5,5,60,0,0,0
Adela,0,22,0,1,100,1,5,1,2,2,0,3,3,45,0,0,0
JoseEduardo,1,19,0,1,20,2,4,1,3,2,0,4,4,60,0,0,1
Cristal,0,19,1,1,100,3,5,0,2,2,0,5,5,22,0,0,0
Pilar,1,19,1,1,20,3,4,0,2,2,1,3,4,10,1,0,1
Silvia,0,19,1,1,80,3,3,0,3,2,1,4,4,10,0,0,0
Maria,0,16,0,0,100,2,4,0,3,1,0,2,5,10,0,0,1
Ramon,0,19,0,1,80,3,5,0,3,2,0,2,5,60,0,0,0
Fernando,0,16,0,0,100,2,5,0,4,1,0,3,5,60,0,0,1
Omar,0,19,0,1,100,1,5,0,3,0,0,3,3,10,2,0,0
Clemente,0,19,1,1,80,3,5,0,4,1,1,2,5,22,1,0,1
Luz,0,19,0,1,80,2,5,0,4,2,1,2,5,60,0,0,1
Concepcion,1,19,0,1,20,2,2,1,2,2,0,5,2,22,0,0,0
Ruben,1,16,1,0,100,2,3,0,3,1,1,2,3,60,0,0,0
Carmen,1,19,0,1,100,1,4,0,4,2,0,4,3,22,0,0,0
Sergio,1,19,0,1,100,3,5,1,3,2,0,3,5,10,0,0,0
Yuridia,1,24,1,1,100,3,3,0,3,2,0,4,2,22,1,0,0
Gabino,0,19,1,1,100,3,5,0,3,2,0,5,4,60,0,0,0
Mario,0,19,1,1,0,3,3,0,3,2,0,2,4,10,0,0,2
Vanesa,0,19,0,1,80,3,5,1,2,1,1,5,4,10,0,1,0
Alma,0,19,0,1,60,1,4,0,3,2,0,5,4,10,2,0,1
Felipe,0,22,1,1,20,2,5,0,3,2,0,4,5,10,0,0,2
Modesto,0,19,1,1,100,3,5,0,3,2,1,4,5,45,0,0,2
Dolores,0,15,0,0,20,3,5,0,3,2,1,4,5,22,0,0,1
Citlali,0,22,1,1,100,2,5,1,2,2,1,2,5,45,0,0,1
Elsa,0,16,0,0,100,3,2,0,1,2,0,5,1,22,0,0,0
Tania,0,24,0,1,80,3,5,0,3,2,1,1,5,22,1,0,0
Karina,0,19,0,1,100,3,5,0,3,2,0,5,5,10,0,0,1
Karina,0,22,1,1,80,1,3,1,1,1,0,4,4,60,1,0,0
Trinidad,0,16,0,0,100,2,5,0,2,2,0,1,4,45,0,0,0
Clemente,0,24,0,1,80,3,5,1,4,2,0,2,4,45,0,0,1
Paola,0,16,1,0,20,3,4,0,1,1,0,3,4,60,0,0,1
Sergio,1,19,1,1,0,3,1,1,4,1,0,4,1,60,0,0,2
Wendolin,0,24,0,1,80,2,5,0,2,2,0,4,5,60,1,0,0
Nayeli,1,16,0,0,100,3,5,1,4,2,0,4,5,10,0,0,0
Graciela,0,24,1,1,100,3,4,0,3,1,0,5,5,10,1,0,0
Porfirio,0,19,1,1,80,2,5,0,4,1,0,5,5,10,0,0,2
Alejandra,0,19,0,1,100,3,4,0,4,1,0,3,5,22,1,0,0
Elisa,0,19,0,1,100,3,4,0,4,2,1,2,4,10,1,0,0
Natalia,0,19,0,1,100,3,5,0,3,2,1,4,4,60,0,0,0
Sessa,1,19,1,1,100,1,4,1,4,2,0,4,3,22,1,0,0
Mayte,0,22,0,1,60,3,5,1,2,1,0,4,5,45,1,0,2
Javier,1,24,1,1,20,3,3,0,1,1,1,3,4,10,1,1,1
Lucia,0,16,0,0,60,3,5,0,3,2,1,3,5,45,0,0,0
Teresa,0,19,1,1,80,2,5,1,3,0,1,5,4,60,0,1,1
Perla,0,15,1,0,100,2,5,0,4,1,1,4,4,10,0,0,0
Abigail,1,19,0,1,60,3,1,0,4,2,0,5,1,10,0,0,0
Antonio,1,24,1,1,80,1,5,1,2,1,1,4,4,60,0,0,0
Francisca,0,19,1,1,100,3,4,0,3,2,1,3,5,10,0,0,0
Mayte,0,19,1,1,80,3,3,0,3,2,0,2,3,60,0,0,0
Indira,1,19,0,1,80,0,1,1,1,1,0,5,2,22,0,1,0
Patricia,0,19,0,1,80,3,5,0,3,2,0,3,4,22,0,1,1
Eloisa,1,19,1,1,100,3,2,0,1,2,0,4,2,10,0,0,0
Abril,1,19,1,1,20,1,2,0,3,2,0,4,1,22,2,0,2
Benjamin,1,16,1,0,0,3,2,1,3,2,0,4,1,10,0,0,1
Cynthia,0,22,1,1,100,2,5,0,2,2,0,5,5,60,2,0,0
Jaqueline,1,19,1,1,100,3,4,1,3,1,1,3,4,10,1,0,0
Emiliano,1,19,0,1,100,3,4,0,4,2,1,2,5,10,0,1,0
Miriam,0,15,0,0,20,0,3,1,2,2,0,5,3,60,0,0,2
Rodrigo,0,19,1,1,80,2,4,0,2,2,0,5,5,22,0,0,0
JuanCarlos,0,19,0,1,100,3,4,0,2,2,1,4,5,60,1,0,0
Jacobo,0,16,0,0,0,3,4,0,4,2,1,4,5,10,0,0,0
Ruby,0,19,1,1,100,1,4,0,3,2,0,3,3,10,1,0,0
Anel,0,19,1,1,100,2,5,0,3,2,0,2,5,22,1,0,0
Indira,0,19,1,1,100,3,2,1,3,2,1,2,1,22,1,0,0
Marisela,0,15,1,0,100,3,4,1,3,2,1,2,5,45,0,0,1
Clemente,1,19,0,1,80,1,3,1,1,2,0,5,4,10,2,0,0
Elisa,1,19,1,1,100,1,2,1,2,1,0,5,3,22,2,0,0
Evelio,0,19,1,1,100,2,5,1,4,2,0,4,5,10,1,0,1
Noelia,1,22,1,1,80,1,4,1,3,2,0,4,2,45,0,0,0
Amador,1,19,1,1,0,3,1,1,3,2,0,3,1,45,0,0,2
Conchita,0,24,0,1,100,1,4,1,3,2,1,1,2,45,1,1,1
Amanda,0,22,0,1,20,3,4,1,3,2,0,4,5,10,0,0,0
Bernardo,0,19,1,1,100,2,5,0,4,1,1,4,4,10,1,0,0
Isabel,1,19,1,1,60,3,3,0,1,1,0,3,4,10,0,0,0
Irene,1,19,0,1,80,3,5,1,3,2,0,4,4,45,1,0,2
Isabela,0,15,1,0,100,1,3,1,2,2,0,3,3,10,0,0,0
Olivia,0,22,0,1,100,3,5,0,3,2,0,3,4,22,1,0,0
Timoteo,0,24,1,1,100,3,5,1,3,1,0,2,5,45,0,0,1
Angela,0,19,1,1,60,2,5,0,3,2,1,2,4,10,1,0,0
Vanesa,0,19,0,1,80,3,3,0,4,2,0,4,2,10,0,0,0
Claudio,0,24,1,1,100,2,5,1,4,2,1,5,5,10,0,0,0
Samuel,0,24,0,1,100,3,5,0,3,2,1,3,5,45,0,1,0
Isabela,1,19,1,1,80,0,1,1,4,1,1,3,1,45,1,0,0
Marisela,1,19,1,1,20,2,3,0,4,0,1,3,3,45,2,1,1
Miguel,0,22,0,1,80,2,5,0,2,2,0,4,4,10,0,0,1
Alma,0,24,1,1,80,3,5,0,2,2,1,5,5,22,1,0,0
Raquel,0,19,0,1,80,3,4,1,1,2,0,4,5,45,0,0,1
Ariadna,1,16,1,0,80,2,4,1,2,2,0,4,5,10,0,1,0
Alfredo,0,19,0,1,0,3,5,0,3,2,1,4,4,22,1,0,0
Guadalupe,0,24,1,1,100,3,4,0,3,1,0,4,4,45,0,1,0
Luisa,0,19,0,1,100,3,3,0,3,2,1,5,3,45,0,1,0
Israel,0,22,0,1,100,2,4,0,4,2,1,4,5,60,0,0,0
Monica,1,22,0,1,0,3,1,0,4,2,0,4,3,22,2,0,1
Jose,0,22,0,1,100,3,4,1,4,1,0,3,5,45,1,0,0
Maria,1,22,1,1,0,3,2,1,2,2,0,4,1,45,0,0,2
Pascual,1,19,1,1,80,1,3,0,3,2,1,3,3,45,0,0,0
Leticia,1,24,0,1,80,2,5,1,3,2,1,4,4,22,0,0,0
Roberto,1,19,1,1,100,3,3,1,4,2,0,4,3,22,0,0,2
Indira,0,22,1,1,100,2,4,0,4,2,0,3,5,45,1,0,0
Jacobo,1,22,0,1,0,3,3,0,4,2,1,3,3,60,0,0,1
Humberto,0,22,1,1,80,2,4,0,1,2,1,4,4,45,0,0,1
Wilfrido,1,15,0,0,60,2,3,1,3,2,1,4,2,60,0,0,2
Pilar,0,24,1,1,60,3,4,0,3,1,0,5,5,22,0,0,2
Leonardo,0,22,0,1,100,2,5,0,3,2,1,2,5,10,0,0,0
Juana,0,16,0,0,100,1,4,1,3,2,0,3,2,10,0,0,1
Maria,0,22,0,1,60,2,3,0,3,2,0,5,4,22,2,1,1
Maria,1,19,1,1,100,1,3,1,3,1,1,4,4,60,1,0,0
JoseEduardo,1,22,0,1,100,2,3,1,1,2,1,4,2,10,0,0,1
Adalberto,0,19,0,1,60,3,4,0,1,2,0,3,5,22,0,0,1
Ines,1,22,1,1,60,3,3,0,3,2,0,4,2,22,0,1,1
Federico,0,22,0,1,80,2,2,0,1,2,0,4,2,10,0,1,0
Claudio,0,22,1,1,80,2,5,0,2,2,1,4,4,22,1,1,0
Fabiola,0,22,0,1,80,3,3,0,1,2,1,4,4,22,0,0,0
Linda,0,16,0,0,80,3,5,0,1,1,1,4,4,45,0,0,0
Clara,0,22,1,1,100,3,5,0,2,2,1,4,4,10,1,1,2
Eva,0,19,1,1,100,3,5,1,3,2,0,3,4,10,0,0,2
Homero,0,16,0,0,100,2,5,0,3,2,1,3,5,22,0,0,0
Cesar,1,22,0,1,100,2,5,0,3,2,0,2,5,22,0,0,0
JulioCesar,1,22,0,1,80,0,4,1,4,2,0,5,4,45,1,0,0
Raquel,0,16,1,0,80,3,5,0,4,1,0,4,4,10,0,0,1
Javier,0,19,1,1,60,0,4,0,3,0,1,4,3,22,1,0,1
Dalia,0,22,0,1,100,2,4,0,4,2,0,4,4,60,2,1,1
Oscar,0,19,0,1,80,3,5,0,4,1,0,4,5,22,0,0,0
Juan,0,16,1,0,80,3,5,1,1,2,1,4,5,45,0,1,0
Ursula,0,19,0,1,100,2,5,0,3,2,0,1,5,10,1,0,1
Mauricio,0,16,1,0,100,2,5,0,4,2,0,5,5,60,0,0,1
Victor,0,19,0,1,100,3,5,0,1,2,0,3,4,22,0,0,0
Liliana,0,24,1,1,100,2,4,0,2,2,0,2,4,22,1,0,0
Araceli,0,16,0,0,100,2,3,0,2,2,1,2,3,22,0,0,0
Socorro,0,19,0,1,80,2,5,1,3,2,1,4,5,45,1,0,0
AltaGracia,0,24,1,1,80,2,5,0,3,2,1,3,5,22,0,0,1
Juan,0,16,1,0,60,3,4,0,3,1,0,3,5,10,0,0,0
Estela,0,16,0,0,100,2,5,0,3,1,0,5,4,10,0,0,1
Lourdes,0,16,1,0,60,2,5,0,2,0,1,5,5,45,0,0,1
Horacio,1,16,0,0,100,0,3,1,2,2,0,4,4,10,0,0,0
Alma,0,24,1,1,80,3,4,1,2,2,0,4,5,22,0,0,0
Homero,1,19,1,1,20,0,2,1,1,2,0,4,1,10,0,0,1
Debora,1,16,1,0,60,3,4,0,3,1,0,5,5,45,0,0,1
Mercedes,0,24,1,1,100,2,5,0,2,2,1,5,5,10,0,1,0
Gerardo,1,22,1,1,100,2,4,1,3,2,0,5,5,10,0,1,0
Miriam,0,16,1,0,20,3,3,0,2,2,1,5,4,22,0,1,2
Sessa,1,16,0,0,60,3,3,0,4,2,1,3,3,10,0,0,0
Reina,0,19,1,1,20,3,4,0,3,2,0,4,4,10,0,1,1
Amador,0,22,1,1,100,3,5,0,3,2,0,5,5,10,0,0,0
Delia,1,16,0,0,100,3,2,0,3,1,0,4,1,60,0,0,2
Indira,1,24,0,1,80,1,2,0,3,1,1,3,2,22,1,1,0
Jaime,0,19,1,1,80,2,3,0,3,2,0,3,4,45,0,0,0
Soledad,1,16,1,0,100,3,2,1,3,1,1,5,2,45,0,0,0
Mauro,1,19,1,1,100,1,3,1,3,2,1,4,3,10,0,0,0
Helena,0,22,0,1,80,2,4,0,1,2,0,5,5,10,0,1,2
Alma,0,22,1,1,100,3,5,0,3,2,1,4,5,45,0,1,0
Cornelio,0,19,0,1,100,2,5,0,3,2,0,3,4,10,0,1,2
MariaEugenia,0,22,0,1,100,3,5,0,3,2,1,1,5,45,1,0,2
Karla,1,19,0,1,60,3,3,1,2,2,1,5,2,22,0,0,2
Zoe,1,16,0,0,0,3,5,1,2,2,1,4,4,10,0,0,1
Javier,1,19,0,1,100,2,2,1,3,2,0,3,2,10,2,0,0
Rosalia,0,19,1,1,100,2,4,0,4,1,0,3,5,10,0,0,0
Jos,1,19,0,1,80,3,4,0,4,2,0,2,4,22,0,0,0
Oscar,0,19,1,1,60,3,3,0,4,2,0,4,3,45,1,0,2
Abelardo,1,16,1,0,80,3,4,1,4,1,1,5,5,45,0,0,1
Jorge,1,19,1,1,80,2,4,0,4,1,1,4,5,22,1,0,1
Uriel,0,22,1,1,60,2,4,0,4,1,0,5,5,45,0,1,1
Angela,1,22,1,1,80,2,5,0,3,1,1,4,4,10,0,1,1
Ruby,0,22,0,1,80,3,4,0,1,1,0,1,5,22,0,0,0
Porfirio,0,24,0,1,100,3,5,0,1,1,1,3,5,22,0,1,0
Tomas,0,22,1,1,100,3,5,0,2,0,0,3,5,22,0,0,1
Laura,1,22,1,1,80,1,2,0,4,2,0,4,2,45,0,0,1
Elvia,0,19,0,1,80,3,5,0,3,1,0,3,5,22,0,0,0
Omar,0,16,1,0,80,3,5,0,3,2,0,3,5,45,0,0,0
Serafin,0,19,0,1,100,3,5,0,4,2,1,4,4,10,0,0,0
Mercedes,0,16,0,0,100,1,4,1,3,1,0,2,3,22,0,0,0
Victor,0,15,0,0,100,2,4,0,4,2,0,4,4,22,0,0,0
Alfonso,1,19,0,1,100,0,3,1,3,2,0,4,3,45,0,0,2
Pablo,0,16,1,0,100,2,3,0,3,1,1,5,3,22,0,0,0
Augusto,1,19,0,1,100,2,5,1,4,2,1,5,4,22,1,0,0
Carmen,1,16,0,0,20,3,3,1,3,2,1,4,3,45,0,0,0
AltaGracia,1,24,0,1,60,1,3,1,3,1,1,5,3,45,0,0,2
MariaEugenia,0,22,0,1,100,1,5,0,2,2,0,4,3,22,2,1,0
Octavio,1,24,0,1,100,1,5,1,2,2,1,3,2,22,2,0,0
JoseLuis,0,15,1,0,100,3,4,0,3,2,1,5,5,22,0,1,0
Nicolas,1,16,1,0,100,2,3,0,3,2,0,4,2,22,0,0,0
Hilda,0,19,0,1,80,3,5,0,4,1,0,2,4,22,0,0,0
Graciela,0,15,0,0,0,2,4,0,1,2,1,3,4,10,0,0,0
JulioCesar,0,16,0,0,100,3,5,1,3,2,0,1,5,22,0,0,0
Aldonza,1,15,0,0,60,1,5,1,3,2,0,3,2,10,0,0,2
Ernesto,0,19,1,1,20,2,3,0,4,1,1,5,3,22,0,1,0
Flavio,0,19,1,1,80,3,5,0,4,1,1,2,5,22,0,0,2
Ruben,0,22,0,1,20,2,5,0,4,2,0,3,5,22,0,0,1
JoseMaria,0,16,0,0,80,3,4,0,1,2,1,4,4,45,0,0,1
Zacarias,1,19,0,1,20,2,3,0,3,2,0,4,3,45,0,0,2
Zoe,0,19,0,1,100,3,4,0,4,1,0,5,5,60,0,0,0
Modesto,1,24,1,1,60,2,3,0,2,2,0,4,3,10,0,0,1
Ricardo,0,19,0,1,100,0,4,0,3,2,0,3,4,22,0,0,0
Eloisa,1,24,1,1,60,3,1,1,4,2,0,2,3,22,1,0,2
Bruno,0,19,0,1,60,3,4,0,2,2,1,4,5,22,0,0,2
Francisca,0,16,1,0,60,2,4,0,2,2,0,3,5,60,0,0,2
Gilberto,0,22,0,1,100,2,4,1,3,1,0,3,5,60,0,1,1
Ines,0,16,1,0,100,3,4,0,3,2,0,3,5,60,0,0,2
Martha,0,22,1,1,100,3,4,0,2,2,1,4,4,60,0,0,1
MariaTeresa,0,22,0,1,20,3,4,1,3,2,1,4,5,45,1,0,2
Martin,0,22,0,1,100,3,3,0,4,0,1,4,3,10,0,1,0
Alejandro,1,19,0,1,0,3,5,0,3,2,0,4,5,22,0,0,2
Rafael,0,16,1,0,100,2,4,0,2,2,1,4,5,10,0,0,0
Dulce,1,19,1,1,80,3,4,1,2,2,0,1,5,45,1,0,0
Barbara,1,22,1,1,80,1,4,1,3,2,1,2,2,60,0,0,0
Juan,0,19,1,1,80,2,5,0,4,2,0,5,5,60,0,1,1
Araceli,1,19,1,1,100,1,4,1,1,2,0,5,3,45,0,0,0
JoseCarlos,0,16,0,0,80,2,4,0,4,2,0,3,4,60,0,0,0
Dario,1,19,0,1,100,1,4,1,1,2,0,5,3,10,2,0,1
Paulina,0,22,0,1,80,3,5,0,4,2,0,3,4,22,0,0,0
Elsa,0,16,0,0,80,3,5,0,2,2,0,3,5,10,0,0,2
Alicia,0,19,0,1,60,2,5,1,3,1,1,3,5,22,1,0,0
Geronimo,1,24,1,1,100,3,3,0,2,2,0,2,3,45,0,0,0
Esther,0,19,1,1,100,3,4,0,2,2,1,3,4,60,0,0,0
Arcelia,1,19,0,1,100,2,4,1,2,2,0,5,4,22,0,0,2
Timoteo,0,24,0,1,100,3,5,0,3,1,0,5,4,22,1,0,2
Jeronimo,0,19,1,1,0,2,4,0,3,2,0,3,5,22,0,0,2
Olivia,0,22,1,1,80,2,5,0,3,2,1,4,5,45,0,0,0
Eric,0,19,1,1,80,3,4,0,3,1,0,4,5,10,2,0,2
Adalberto,0,19,1,1,80,3,4,0,2,1,0,1,5,10,1,0,0
Adalberto,0,22,1,1,100,3,5,0,2,2,0,5,4,22,1,0,0
Serafin,0,22,0,1,100,1,4,0,2,2,0,4,3,22,0,0,0
JorgeLuis,0,19,1,1,100,2,5,0,4,2,0,2,5,10,0,0,0
Graciela,0,16,0,0,100,3,5,0,3,2,0,4,5,22,0,0,0
Araceli,0,19,0,1,100,2,3,0,3,2,0,4,3,60,2,0,0
Esperanza,1,15,0,0,80,3,2,1,3,2,0,5,2,22,0,0,0
Amalia,1,16,0,0,100,2,4,0,3,1,0,2,4,10,0,0,0
Samuel,0,19,1,1,60,2,1,1,3,2,0,3,1,22,0,0,2
Asuncion,0,22,1,1,100,2,5,0,3,2,0,3,5,10,0,1,0
Mauro,1,16,0,0,100,3,5,1,1,2,0,4,4,45,0,1,0
MariaLuisa,0,19,1,1,80,3,5,0,3,1,0,3,5,45,1,0,0
Lucia,1,19,0,1,100,0,3,1,2,2,0,2,3,45,0,0,0
Joaquin,0,19,1,1,100,1,4,0,3,2,0,5,4,60,1,0,2
Diana,0,19,1,1,100,3,4,0,3,1,0,3,4,60,1,0,2
Estefania,0,22,0,1,100,2,5,0,2,2,0,4,5,45,0,0,0
Oscar,0,16,0,0,80,1,4,0,2,2,1,4,4,22,0,0,0
Catalina,0,22,0,1,80,3,4,0,4,2,0,5,5,22,0,0,2
Dario,1,16,1,0,80,1,4,1,4,1,1,4,2,60,0,0,0
Gregorio,0,22,0,1,60,1,3,0,3,1,0,3,4,22,2,0,0
Abelardo,1,19,1,1,100,1,2,0,2,1,0,1,2,10,0,0,0
Jaime,0,22,0,1,100,3,4,0,3,2,1,5,4,22,2,1,0
Celia,1,19,1,1,20,3,3,0,3,2,0,4,2,10,0,0,1
Carolina,1,16,0,0,100,3,4,0,4,0,1,5,4,10,0,1,0
Marisela,0,19,0,1,100,3,5,0,3,2,0,3,5,60,0,0,0
Martin,0,22,1,1,100,3,4,0,2,2,0,4,5,22,1,0,0
Araceli,0,16,0,0,80,2,2,0,3,2,1,4,3,10,0,0,1
Alma,1,22,0,1,20,3,3,0,2,2,1,3,3,60,2,0,1
Sofia,1,22,0,1,100,1,1,1,3,2,0,3,1,22,2,0,0
Silvano,1,24,0,1,100,3,5,1,3,1,0,4,4,45,0,1,0
Claudio,1,16,1,0,20,2,3,0,3,1,0,3,3,22,0,0,1
Cecilia,1,19,1,1,100,3,4,1,2,2,0,5,5,45,0,0,0
Gabino,0,22,0,1,80,2,5,0,2,2,0,4,5,45,2,0,0
Israel,0,24,0,1,100,3,4,0,2,2,1,4,5,22,0,0,0
Gustavo,0,16,1,0,80,2,5,1,4,2,1,2,5,45,0,0,0
Benjamin,1,22,1,1,100,3,5,1,3,1,0,3,5,10,1,1,0
Silvano,1,16,1,0,80,3,3,0,4,2,1,2,2,10,0,0,0
Ivonne,0,19,1,1,100,3,5,1,3,2,1,3,5,10,0,1,0
Beatriz,0,22,1,1,100,3,3,0,3,2,0,4,4,60,0,0,0
Octavio,0,22,0,1,0,2,4,0,3,2,0,2,5,22,0,0,2
Vicente,1,22,0,1,60,1,4,1,3,2,1,4,3,10,1,1,1
Julio,0,22,1,1,60,3,3,1,4,2,1,1,4,22,0,0,0
Ignacio,1,19,0,1,60,2,2,1,4,0,0,4,3,22,0,0,1
Sandra,0,22,1,1,100,3,5,0,3,1,0,4,5,60,1,0,0
Isaac,0,19,1,1,100,3,5,1,3,2,0,4,4,60,0,0,0
Ofelia,0,16,0,0,80,3,4,1,3,2,1,2,5,10,0,0,0
Nancy,0,22,0,1,80,2,5,0,2,2,0,3,5,10,1,0,0
Emilio,0,16,1,0,80,3,5,0,2,2,0,2,4,22,0,0,0
Zoe,0,19,0,1,20,2,5,0,3,2,0,4,5,22,0,0,1
Esmeralda,0,19,1,1,100,2,5,0,4,2,1,3,5,10,1,1,0
Estela,0,19,0,1,60,3,5,0,2,2,1,3,4,10,2,0,2
Rosario,0,22,0,1,80,3,3,0,2,2,0,4,2,10,2,0,1
Javier,0,16,0,0,100,3,5,0,3,1,1,5,4,10,0,0,0
Octavio,0,19,0,1,80,3,5,0,2,2,1,3,4,10,0,0,2
Claudio,0,22,0,1,100,3,4,0,3,1,0,4,5,22,1,0,1
Aldo,0,22,0,1,100,3,4,1,1,0,1,3,4,45,0,0,0
Hector,1,22,1,1,80,3,3,1,1,2,0,4,2,22,1,0,1
JoseManuel,0,22,1,1,60,2,4,0,3,2,1,4,5,22,0,1,1
Victor,0,19,0,1,80,3,5,0,3,2,0,3,5,10,2,0,2
Blanca,1,19,1,1,20,2,2,0,3,2,0,3,2,60,1,0,1
Ernesto,1,24,1,1,60,3,2,0,2,2,0,4,2,45,1,1,0
Natalia,0,16,1,0,80,3,5,0,2,2,0,3,4,60,0,1,0
Claudio,0,15,1,0,100,1,3,0,3,0,1,3,3,45,0,0,0
Samuel,1,19,1,1,80,3,5,1,4,2,1,3,5,60,0,1,0
Ursula,1,19,1,1,100,0,5,1,2,0,0,5,3,45,0,0,0
Perla,0,16,1,0,80,3,5,1,3,1,1,4,4,60,0,0,0
Diego,0,19,1,1,100,3,5,0,3,1,0,4,4,22,1,0,0
Manuel,1,19,1,1,20,3,2,0,3,2,0,4,1,45,1,0,2
Nadia,1,16,0,0,20,3,4,1,3,2,1,4,5,22,0,0,2
Cristina,0,19,0,1,100,3,4,0,3,2,0,5,5,22,0,0,2
Ursula,1,16,0,0,60,0,3,1,3,2,0,5,3,10,0,0,1
MariaTeresa,0,16,1,0,0,2,4,0,3,1,1,2,5,10,0,0,1
FranciscoJavier,0,19,1,1,20,2,4,1,2,2,1,3,5,22,0,0,2
Oliver,1,19,1,1,0,1,1,0,4,2,0,3,1,10,0,0,1
Agustin,0,15,0,0,80,3,5,0,3,2,0,5,5,10,0,0,0
Paulina,1,24,1,1,80,1,2,1,1,2,1,2,3,10,0,0,0
Silvano,1,19,0,1,100,1,2,1,3,1,1,4,2,22,0,0,0
Lorenzo,1,16,0,0,100,0,5,0,2,1,0,4,3,45,0,1,0
Abraham,1,16,1,0,60,1,4,1,4,2,0,5,3,22,0,0,0
Lilia,0,16,0,0,80,3,5,1,3,2,0,5,5,10,0,0,0
Miguel,0,16,1,0,100,2,5,0,3,1,0,5,5,45,0,0,1
Enrique,0,16,1,0,100,3,5,1,3,2,0,4,4,22,0,0,0
Elisa,0,19,1,1,100,2,3,0,2,2,1,4,4,10,0,0,0
Esther,0,16,1,0,100,3,4,0,4,1,1,4,5,45,0,0,0
Mariano,1,19,1,1,80,1,3,0,2,2,1,3,2,45,0,0,0
Tomas,0,22,0,1,80,2,4,0,4,2,0,4,4,10,2,1,0
Amador,0,15,1,0,80,3,4,1,2,2,0,4,4,10,0,0,0
Jorge,0,16,1,0,20,2,4,0,2,2,1,5,5,10,0,0,2
Zeferino,0,22,0,1,80,0,4,0,4,2,0,5,3,10,0,0,0
Espartaco,0,19,0,1,20,3,5,0,2,2,1,3,4,45,1,1,2
Wilfrido,0,19,0,1,60,3,4,0,3,2,0,2,5,45,1,1,1
Ofelia,0,19,0,1,100,3,5,0,4,1,1,3,4,22,2,0,0
Luz,0,19,0,1,80,2,5,0,3,2,0,2,4,22,0,1,1
Ivan,0,19,1,1,100,3,5,0,3,2,0,2,5,10,0,0,0
Raul,1,19,1,1,80,1,4,0,4,2,0,5,2,22,0,0,0
Georgina,1,22,1,1,60,3,2,1,1,2,1,4,3,22,2,1,2
Gilberto,1,16,1,0,20,3,4,0,1,1,0,5,4,22,0,0,2
Blanca,0,19,0,1,100,1,3,1,2,2,0,2,3,10,0,0,1
Anel,1,22,1,1,0,3,5,0,3,1,1,4,5,10,0,0,2
German,1,16,1,0,0,3,3,0,3,2,1,1,2,10,0,0,2
Ramiro,0,19,0,1,100,3,4,0,1,2,0,2,5,22,0,0,0
LuisMiguel,0,22,0,1,0,3,5,0,2,1,0,3,4,45,0,0,1
Estela,0,15,0,0,100,1,4,0,2,2,0,5,4,45,0,0,0
Indira,0,19,0,1,60,3,4,0,3,2,1,3,4,10,2,0,1
Leonor,1,19,1,1,80,1,2,1,4,2,1,5,1,10,0,0,0
Raquel,0,19,1,1,20,2,4,0,4,1,1,4,5,45,0,0,2
Salma,0,19,0,1,100,3,3,0,3,2,0,5,3,22,1,0,0
Sonia,0,16,1,0,80,2,4,0,2,2,0,3,5,22,0,0,1
Nayeli,0,22,0,1,100,2,3,0,4,1,0,2,4,22,0,0,0
Susana,1,16,1,0,60,3,1,1,3,2,0,5,1,45,0,0,1
Isabela,0,22,0,1,100,2,5,0,3,2,0,5,5,22,1,1,0
Rodolfo,1,22,1,1,100,2,3,0,2,2,1,2,4,22,0,0,0
MariaEugenia,0,24,1,1,80,2,5,0,2,2,1,1,4,60,0,0,0
JorgeLuis,1,19,1,1,100,1,5,1,2,2,0,2,2,22,1,0,2
Alejandro,1,19,0,1,20,2,4,0,4,1,1,3,4,60,1,0,1
Carla,1,22,0,1,100,1,3,1,3,2,1,5,4,45,1,0,1
Rene,0,19,0,1,80,2,5,0,1,2,0,2,4,22,0,0,1
Gerardo,0,19,0,1,100,1,1,0,3,1,0,5,3,45,0,0,2
Catalina,0,16,1,0,60,2,4,0,4,1,0,5,5,10,0,0,2
Indira,1,24,1,1,20,1,1,0,2,2,0,4,1,10,2,1,2
Andres,0,19,1,1,60,3,4,1,4,2,0,4,4,22,0,0,2
MariadelCarmen,0,16,1,0,80,3,4,1,2,2,0,5,4,22,0,0,2
Gabriel,1,16,0,0,20,3,4,0,4,2,0,5,5,10,0,0,1
JoseEmilio,1,16,0,0,100,2,3,0,4,2,0,4,4,10,0,0,0
Vicente,1,19,1,1,100,2,5,1,2,2,1,1,5,22,1,0,0
Sergio,0,19,0,1,100,3,4,0,3,2,1,5,5,10,0,0,0
Trinidad,0,22,0,1,100,3,4,1,4,2,0,4,5,60,0,0,2
Itzel,1,19,0,1,100,2,5,0,2,2,0,4,5,22,1,0,1
Yolanda,0,16,1,0,100,3,5,0,3,2,0,1,5,10,0,0,0
Sofia,1,19,1,1,100,2,5,1,2,2,1,3,4,22,0,0,0
Aida,1,22,0,1,60,3,5,0,1,2,1,4,5,60,1,1,1
Ramon,0,24,0,1,20,3,3,0,3,2,1,3,3,22,1,1,1
AnaLuisa,1,16,1,0,80,3,2,1,3,2,0,5,2,22,0,0,1
Hugo,0,22,1,1,100,3,5,0,2,2,0,4,4,10,0,0,0
Paulina,0,19,0,1,100,3,5,0,2,2,0,4,5,10,1,0,0
Anabel,1,16,1,0,100,1,3,1,4,0,0,5,2,10,0,1,0
Jos,0,16,0,0,60,3,3,0,4,2,0,4,4,45,0,0,2
Clara,0,24,0,1,80,3,4,0,1,2,0,5,4,22,1,0,0
Geronimo,1,22,1,1,100,1,5,1,3,2,1,4,4,10,0,1,1
Yeni,0,24,1,1,60,3,4,0,2,2,1,4,5,45,1,0,2
Hernan,0,19,0,1,80,3,4,0,1,2,1,5,4,22,0,0,1
Eloisa,0,16,1,0,100,2,5,0,3,2,0,3,5,22,0,0,1
Violeta,1,24,0,1,20,3,2,0,2,2,0,3,2,22,0,0,1
Elena,1,19,1,1,100,3,5,0,2,1,0,5,5,60,0,1,0
Mario,0,19,0,1,80,2,5,0,4,2,0,5,5,10,0,0,0
MariadelCarmen,0,22,0,1,100,3,5,0,4,2,0,2,4,45,0,0,0
Olivia,1,15,1,0,20,2,3,0,3,2,1,4,2,22,0,0,1
Rocio,1,22,1,1,100,1,2,0,2,2,0,3,3,45,1,0,0
Nelly,0,16,1,0,20,3,3,0,2,2,0,5,2,60,0,0,1
AnaLuisa,0,15,1,0,80,2,4,1,4,0,1,4,5,10,0,0,0
Barbara,0,16,0,0,60,3,3,0,2,2,1,4,3,10,0,0,1
Mariano,0,19,1,1,80,3,5,0,2,2,0,4,5,22,0,0,0
Delia,0,22,1,1,100,2,5,0,3,2,1,4,4,22,0,0,2
MariaTeresa,1,19,0,1,100,1,2,1,3,2,0,4,1,60,0,0,0
Citlali,0,24,0,1,80,3,2,0,3,2,0,3,3,45,0,0,0
Abelardo,1,19,0,1,60,3,5,1,3,2,0,3,5,22,0,0,0
JoseCarlos,1,22,0,1,100,2,4,0,3,1,0,4,5,10,0,0,0
Evelio,1,22,0,1,60,2,2,0,1,1,1,3,2,22,0,1,0
Sandra,0,19,0,1,100,3,5,0,3,1,0,4,4,60,0,0,0
Itzel,1,22,1,1,80,3,2,0,3,2,0,4,1,60,0,0,0
Sofia,0,19,0,1,100,2,5,0,4,1,0,3,5,60,0,0,1
Carla,1,22,1,1,100,1,2,1,4,2,0,4,3,45,2,0,0
Diego,1,22,0,1,60,3,2,1,3,2,1,3,2,22,0,1,1
Jaqueline,1,16,0,0,80,3,5,0,3,2,0,3,4,22,0,1,0
Andrea,0,22,0,1,100,3,5,0,3,2,1,4,4,22,0,1,1
Lucia,0,16,1,0,80,3,5,1,4,0,0,4,4,45,0,0,0
Susana,0,22,1,1,100,3,4,1,2,2,1,4,5,22,0,0,1
Octavio,1,22,0,1,100,2,2,0,2,2,0,4,3,22,1,0,0
Dolores,0,16,0,0,60,3,3,0,3,2,1,5,3,60,0,0,0
Genaro,1,19,1,1,100,2,5,0,3,2,0,5,5,10,0,0,0
Estela,0,19,0,1,80,2,4,0,3,1,0,4,4,10,0,0,1
Irma,1,22,1,1,80,3,2,0,3,2,0,3,2,45,1,0,1
Antonio,0,22,1,1,80,3,5,0,1,1,1,4,5,22,0,1,1
Soledad,1,19,1,1,20,3,3,0,4,2,0,4,3,10,2,0,2
Emilio,0,15,0,0,80,3,5,0,1,2,0,4,4,60,0,0,2
Mayte,1,24,1,1,100,0,4,0,2,1,0,5,3,22,0,0,1
Cristina,1,19,1,1,60,3,2,0,2,2,0,4,2,10,1,0,2
Camila,0,22,0,1,80,2,5,0,4,2,0,4,4,22,1,1,0
FranciscoJavier,0,19,0,1,100,3,5,0,2,2,0,3,5,60,0,0,0
Aldonza,1,15,1,0,80,2,5,1,3,2,0,4,5,45,0,0,2
Tomas,1,16,0,0,0,1,4,1,2,1,1,5,3,10,0,0,0
Rocio,0,19,0,1,80,2,5,0,3,2,0,4,5,22,1,1,0
Arturo,0,16,0,0,80,2,5,1,3,2,1,3,5,22,0,0,0
Eva,1,22,1,1,100,3,3,1,2,2,1,3,3,22,0,0,0
Vanesa,1,16,0,0,0,3,3,0,2,2,0,1,4,10,0,1,2
Pascual,1,19,1,1,80,3,2,1,3,2,1,2,3,10,0,0,0
Espartaco,0,19,1,1,80,3,5,0,3,2,1,4,4,10,1,0,2
FranciscoJavier,0,22,0,1,80,3,4,0,1,0,0,4,4,10,0,1,1
Marisol,0,16,1,0,60,3,5,0,2,2,1,4,4,10,0,0,1
Amelia,1,19,0,1,80,3,5,1,3,1,1,4,5,10,2,0,0
Augusto,0,22,1,1,100,3,4,1,4,2,0,4,5,10,0,0,0
Gregorio,0,24,1,1,20,3,4,1,4,2,1,4,4,10,1,0,1
Rosa,0,22,0,1,100,3,5,0,2,2,0,3,4,22,2,0,1
JoseMaria,0,16,1,0,80,2,5,0,3,0,1,4,5,10,0,0,1
Dalia,0,19,0,1,100,3,5,0,3,1,0,5,4,22,1,0,0
Leonor,1,16,1,0,20,2,5,0,4,2,0,1,5,22,0,0,2
Hermelinda,1,22,0,1,20,2,5,0,4,2,0,3,5,22,1,0,2
Manuel,0,24,0,1,80,2,4,0,3,2,1,4,5,10,1,0,0
Asuncion,0,19,0,1,60,1,4,0,4,2,0,5,4,22,0,1,1
Victoria,0,16,0,0,80,3,5,0,3,0,1,4,4,22,0,0,1
Fabiola,0,19,1,1,100,2,4,0,2,1,0,3,5,10,1,0,0
Alma,0,24,1,1,60,3,4,0,3,2,0,3,5,22,0,0,2
Marcela,0,19,1,1,0,2,5,0,2,2,1,2,5,45,0,0,1
Gustavo,0,22,1,1,20,2,4,0,3,1,1,4,4,45,1,0,1
Sandra,1,19,0,1,100,0,2,1,2,1,1,3,1,10,2,0,0
German,1,19,0,1,60,2,3,0,2,2,0,3,3,60,0,0,1
Reynaldo,1,16,0,0,20,2,4,1,3,2,0,4,4,10,0,0,2
Amador,0,16,1,0,80,3,4,1,3,2,0,4,5,22,0,0,0
Evelio,1,22,1,1,20,3,4,1,3,2,1,3,5,60,1,1,2
Zoe,0,19,0,1,100,2,5,0,3,1,0,5,4,45,0,0,0
Zeferino,1,22,0,1,20,1,3,1,3,2,0,3,2,22,2,1,1
Espartaco,0,22,0,1,0,1,3,0,3,1,0,5,4,22,1,0,2
Rene,0,19,1,1,60,0,3,1,2,2,0,4,3,10,1,0,1
Emilio,0,22,1,1,80,1,4,1,3,1,1,2,4,60,0,1,0
Liliana,0,19,1,1,80,3,5,0,3,2,0,3,5,60,1,0,0
Indira,1,19,1,1,0,3,4,1,2,2,0,2,4,45,0,0,1
Vanesa,1,22,0,1,100,3,3,1,3,2,1,4,3,10,0,0,0
Mateo,0,16,1,0,100,2,5,0,2,2,0,4,4,60,0,0,1
Norma,0,19,0,1,100,3,5,0,3,2,0,3,4,10,0,0,0
Zacarias,0,19,0,1,20,0,3,1,3,1,0,3,3,10,0,0,0
Ricardo,1,19,0,1,60,3,2,0,4,1,0,1,2,22,0,0,2
Carlota,0,16,1,0,80,3,3,0,3,1,1,4,4,10,0,0,0
Natividad,0,19,1,1,100,2,5,0,2,2,0,3,4,10,0,0,0
Helena,0,22,0,1,100,3,5,1,2,2,1,4,5,10,0,0,0
Oscar,0,16,0,0,100,2,5,0,3,1,0,4,4,10,0,1,0
Daniela,0,15,1,0,100,2,4,0,3,2,0,3,5,60,0,0,1
AnaLuisa,1,19,0,1,80,3,2,1,3,2,1,5,1,22,1,0,0
AnaLuisa,0,22,0,1,100,3,5,0,3,2,0,5,4,22,0,1,0
Abril,0,19,0,1,100,1,4,0,4,1,1,4,4,22,0,1,1
JoseEmilio,0,19,0,1,80,2,4,0,1,2,0,3,4,10,1,0,0
Ursula,0,19,1,1,100,3,5,0,1,2,1,4,5,22,0,0,0
Rodolfo,0,22,1,1,20,3,3,0,2,2,1,4,4,60,0,0,2
Elisa,1,16,0,0,20,3,3,0,4,0,1,3,4,10,0,0,2
Indira,0,15,0,0,60,3,5,0,3,2,1,4,4,10,0,0,1
Oswaldo,0,16,1,0,60,2,3,0,3,2,0,4,3,10,0,0,1
Ignacio,1,15,0,0,80,3,5,1,2,2,1,2,5,10,0,0,0
Martin,1,22,1,1,20,0,4,1,3,2,0,3,2,10,0,0,2
Carolina,0,15,1,0,100,3,5,0,3,2,1,3,4,10,0,0,1
Elena,0,16,1,0,100,2,5,0,4,2,0,4,5,22,0,0,1
Bianca,0,19,1,1,100,2,4,0,2,1,1,3,5,22,2,0,0
Marcos,0,19,1,1,80,2,3,0,3,1,0,2,2,22,0,0,0
Isabela,1,22,0,1,80,2,5,1,3,2,1,3,5,45,0,0,0
Serafin,0,19,1,1,80,3,3,0,2,2,0,2,4,22,1,0,0
Marisela,1,22,0,1,100,3,3,1,3,2,0,2,3,10,0,1,0
Paulina,0,24,1,1,100,2,5,1,2,1,0,5,4,45,1,0,0
Beatriz,0,19,0,1,100,1,2,0,2,2,0,3,1,22,0,0,0
Rufino,1,15,1,0,100,3,2,1,4,1,1,1,2,60,0,0,0
Martha,0,24,0,1,0,3,4,1,2,1,0,4,5,45,1,1,0
Julio,0,19,1,1,100,2,5,1,3,0,1,2,4,22,0,0,0
JoseMaria,0,15,0,0,100,3,5,0,2,1,0,5,5,22,0,0,0
Berta,0,19,0,1,100,2,5,0,3,2,1,4,5,22,2,0,1
Celia,0,16,0,0,80,3,5,0,3,2,0,4,5,10,0,0,0
Humberto,0,16,1,0,80,2,4,0,3,2,0,5,4,22,0,0,0
Graciela,0,24,0,1,100,3,5,0,3,2,1,1,5,22,0,1,1
Alvaro,1,22,0,1,80,3,2,1,3,2,1,4,1,10,0,0,0
Israel,0,19,0,1,100,3,4,0,3,2,0,1,5,22,2,0,0
MariaCristina,1,16,0,0,80,2,5,1,4,1,1,5,5,45,0,0,0
Israel,0,19,1,1,80,3,4,0,1,1,0,2,4,45,0,0,0
JoseEmilio,0,19,0,1,80,2,5,1,4,2,0,4,4,45,0,0,0
Asuncion,1,22,0,1,20,2,5,0,3,0,0,4,5,22,1,0,0
Irma,0,19,1,1,100,2,4,0,4,2,1,3,5,22,0,0,0
Liliana,0,22,1,1,80,3,4,0,3,2,1,3,4,22,0,1,0
Cristobal,0,19,1,1,60,3,3,1,3,2,0,5,3,10,2,0,1
JoseMaria,0,19,1,1,20,2,2,0,2,2,1,4,2,22,0,0,2
Cornelio,0,24,1,1,100,3,5,0,3,2,0,4,5,60,0,1,0
Julio,0,22,1,1,100,2,5,0,3,1,1,4,5,22,0,0,0
Guillermina,1,19,0,1,20,3,3,1,4,2,1,4,4,22,1,0,2
Dolores,0,22,0,1,60,2,3,0,1,1,0,3,3,45,0,0,1
Eloisa,0,16,1,0,100,3,5,1,4,2,1,1,5,45,0,0,0
Marcela,0,24,1,1,100,3,4,0,3,2,0,4,5,45,0,1,2
Daniela,0,19,0,1,80,3,5,0,2,1,0,4,4,60,2,0,1
Yeni,0,22,0,1,20,3,4,0,3,0,0,4,5,22,1,1,2
Pablo,0,24,0,1,80,2,4,1,3,1,0,5,4,10,0,1,0
Sergio,1,19,1,1,100,3,2,1,2,1,0,3,2,45,0,0,0
Olga,0,19,0,1,20,2,5,0,1,2,1,4,5,22,0,0,1
Karina,0,19,1,1,100,3,5,0,1,2,0,5,5,45,0,0,1
Julio,0,19,0,1,80,3,4,0,1,2,0,4,5,10,1,0,0
Bruno,0,24,1,1,60,2,5,0,3,2,1,3,4,22,2,0,1
Miguel,0,19,1,1,100,1,5,0,4,2,1,2,3,60,0,0,1
Fabiola,0,16,1,0,100,3,5,0,2,2,0,4,5,45,0,0,1
JoseMaria,0,16,1,0,20,2,4,0,4,2,0,3,5,22,0,0,2
Alonso,0,19,0,1,80,3,5,0,3,2,0,1,5,22,0,0,0
Asuncion,0,19,0,1,80,2,5,1,3,1,1,5,4,22,0,0,0
Nayeli,0,19,1,1,80,3,4,0,3,2,1,4,5,45,0,0,0
Luz,1,19,1,1,60,0,4,1,2,1,0,4,2,60,1,0,1
Pilar,0,19,0,1,60,3,3,0,4,2,0,4,2,45,0,0,2
Abigail,0,24,1,1,80,3,5,0,2,2,1,5,5,10,0,0,0
Benito,0,22,1,1,100,0,3,1,3,2,0,3,2,22,0,0,0
Julio,0,16,1,0,100,3,5,0,3,1,1,3,4,22,0,0,0
Timoteo,0,19,0,1,80,3,5,0,2,2,1,4,4,22,1,0,2
Porfirio,0,16,1,0,80,3,4,0,3,2,0,4,4,22,0,0,0
Clara,1,16,0,0,0,3,5,1,4,2,1,4,5,10,0,0,2
Rosalia,0,22,0,1,100,3,4,0,3,2,0,5,5,10,0,0,0
Maria,1,22,1,1,0,2,3,0,2,1,1,5,2,22,0,1,1
Eugenio,0,22,0,1,60,2,4,0,2,2,0,5,4,10,1,1,2
Homero,0,16,1,0,100,2,5,1,4,2,1,5,5,10,0,0,0
Ernesto,0,22,0,1,80,3,5,1,3,1,1,2,5,10,0,1,0
Graciela,1,15,0,0,80,2,3,0,3,2,0,4,3,10,0,0,0
Sara,0,19,1,1,100,2,5,0,3,2,0,1,4,45,0,0,1
Eugenia,0,19,1,1,80,2,4,0,4,1,0,3,5,10,0,0,0
Veronica,0,19,0,1,80,3,5,0,3,2,0,4,4,45,0,0,1
Jos,1,22,1,1,80,2,2,1,3,2,0,5,1,10,0,0,0
Serafin,0,16,1,0,100,3,5,0,2,2,1,3,4,10,0,0,1
Pascual,1,22,1,1,100,3,2,1,3,0,0,5,2,10,1,1,0
Hernan,0,24,0,1,20,3,4,0,2,1,1,3,5,60,0,1,2
Luz,0,16,1,0,100,3,4,0,2,1,0,5,5,22,0,1,0
Ricardo,0,19,0,1,100,3,5,0,1,1,0,1,4,22,0,0,0
Blanca,0,24,1,1,80,3,5,0,2,2,0,5,5,22,2,0,0
Alberto,0,19,1,1,100,3,5,0,3,2,1,5,5,10,0,0,0
Eva,0,22,1,1,80,3,4,0,2,0,1,3,5,45,1,1,0
Ignacio,0,16,0,0,100,2,5,0,3,2,0,4,5,22,0,0,0
Cornelio,0,16,1,0,80,3,5,0,1,2,0,5,4,10,0,0,0
Rufino,1,19,0,1,0,2,4,0,3,2,0,5,4,45,1,0,0
MariadelCarmen,0,22,0,1,100,3,5,1,3,2,1,1,4,22,0,0,2
Hilda,1,22,0,1,20,0,2,0,1,2,0,5,1,10,0,0,1
Abril,0,19,1,1,80,1,3,0,4,2,1,2,3,10,0,0,0
Angel,1,22,1,1,100,1,1,0,2,2,0,3,2,22,0,1,0
Elsa,0,16,0,0,100,3,5,0,3,2,0,4,5,22,0,0,0
Mercedes,0,16,0,0,100,3,3,0,2,2,1,5,3,22,0,0,0
Cornelio,1,22,1,1,80,2,2,0,3,2,0,5,1,60,1,1,0
Maximiliano,1,19,0,1,60,3,4,0,1,2,1,5,5,45,2,0,1
Cecilia,1,15,0,0,20,2,3,1,4,0,1,3,4,60,0,0,2
Eloy,0,24,1,1,100,3,4,0,2,2,0,5,4,10,0,1,0
Diego,1,15,1,0,100,3,5,0,3,2,0,4,5,22,0,0,0
Florencia,0,19,0,1,20,3,4,0,3,2,1,5,5,22,2,0,1
Federico,0,16,1,0,100,3,5,0,1,2,1,4,5,10,0,0,0
Nayeli,0,22,1,1,80,3,5,0,2,2,1,5,4,45,0,0,0
Margarita,0,16,0,0,0,3,4,1,2,1,1,2,5,10,0,0,2
Cristobal,0,16,1,0,80,3,5,0,4,1,1,4,4,10,0,0,0
Jaime,0,19,0,1,80,3,4,0,3,2,0,5,4,60,0,0,0
Ofelia,0,19,0,1,60,3,5,0,3,2,0,5,4,22,0,0,1
Patricia,1,16,1,0,60,2,2,0,3,2,1,4,2,22,0,0,2
Noelia,1,22,1,1,60,1,4,1,1,2,0,5,4,45,0,0,1
Teodoro,1,19,0,1,20,2,4,1,1,2,1,3,4,22,2,0,2
Salvador,0,19,0,1,100,3,5,0,1,2,1,5,4,10,0,0,1
Reynaldo,1,22,1,1,100,2,5,0,3,1,0,3,4,60,0,1,2
Gilberto,1,22,0,1,0,2,5,1,3,2,1,2,5,45,1,1,2
Fabiola,0,19,0,1,60,3,3,0,4,1,1,4,3,45,0,0,1
Amanda,1,24,1,1,20,1,2,1,3,1,0,1,1,45,0,1,2
Rolando,0,15,1,0,100,3,3,0,2,2,1,3,4,22,0,1,0
Felipe,0,16,1,0,80,3,4,0,2,2,0,5,4,10,0,0,0
Diana,0,19,1,1,100,3,3,0,2,2,0,4,3,60,0,0,0
MariaTeresa,0,24,0,1,80,3,5,0,3,2,0,5,5,10,1,0,0
Carlos,1,22,1,1,100,3,2,1,4,2,1,4,1,60,0,0,2
Gregorio,0,16,1,0,100,3,5,0,2,2,1,3,4,60,0,0,1
Margarita,1,19,1,1,80,1,4,1,3,2,0,3,3,10,0,1,0
Rocio,0,19,1,1,20,3,4,0,2,2,1,4,4,22,0,0,1
Yeni,0,19,1,1,100,2,5,1,4,1,0,4,5,60,0,0,0
Lucia,0,19,1,1,100,3,5,0,3,2,1,4,5,45,2,0,2
Esteban,0,19,0,1,80,0,4,1,3,2,1,3,3,22,0,0,0
LuisMiguel,1,22,1,1,20,3,3,0,1,2,0,3,3,45,0,0,2
Elvia,1,24,1,1,80,2,2,1,2,2,0,4,2,10,0,0,0
Horacio,0,19,1,1,80,3,5,0,2,1,0,3,5,22,0,0,0
Diego,0,22,1,1,100,3,4,0,3,2,0,5,4,45,1,1,0
Estela,1,19,0,1,20,3,4,1,3,2,1,5,5,60,1,0,0
Lucas,0,19,1,1,100,3,5,1,4,2,1,2,5,10,0,0,1
MariaCristina,0,19,1,1,100,3,5,0,3,2,1,5,5,10,1,0,2
Augusto,1,19,1,1,80,1,5,0,2,2,1,4,3,60,1,0,0
Cristobal,0,19,0,1,60,3,5,0,2,2,1,4,5,22,1,0,1
Reynaldo,1,19,1,1,100,1,3,1,2,2,1,5,3,45,0,0,0
Octavio,0,22,0,1,80,2,5,0,3,2,0,4,5,22,2,0,0
MarcoAntonio,0,22,1,1,100,3,5,0,3,2,1,4,5,22,0,0,0
Rolando,1,19,1,1,20,0,2,0,1,2,0,3,1,10,1,0,2
Andres,0,19,0,1,100,2,5,0,2,2,0,5,4,45,0,1,0
Gregorio,0,22,1,1,80,3,4,1,3,1,1,2,5,22,0,1,0
Esparta,1,19,1,1,100,3,2,1,2,0,0,4,1,22,1,0,0
Jacobo,0,19,0,1,100,2,5,0,3,2,0,5,5,10,0,0,1
Horacio,0,19,0,1,100,3,5,0,1,2,1,4,5,10,1,0,1
Amelia,0,22,0,1,80,3,4,0,3,2,0,4,5,22,1,0,0
Alicia,0,15,0,0,100,3,4,0,3,2,1,4,4,10,0,0,1
Omar,1,22,0,1,100,1,3,1,3,2,1,2,3,45,0,1,2
Miguel,0,19,0,1,100,3,5,0,2,2,1,4,5,45,0,0,0
AnaLuisa,0,24,0,1,100,3,2,0,4,2,0,2,1,10,0,1,0
Elvia,0,22,0,1,100,3,5,0,2,2,0,5,5,10,0,0,0
Micaela,1,19,1,1,100,1,5,0,4,2,0,4,2,60,0,0,0
Rebeca,0,16,1,0,100,2,5,0,3,2,0,5,4,10,0,0,0
Alejandra,1,22,0,1,60,3,2,0,1,2,0,4,1,10,0,0,1
Hector,0,19,1,1,100,3,4,0,3,2,0,1,5,10,1,0,0
Antonia,0,19,1,1,60,3,4,0,1,2,0,5,5,22,1,0,1
Espartaco,1,22,0,1,60,3,3,1,1,2,1,3,3,22,1,0,2
Andrea,0,24,0,1,100,2,3,0,4,2,1,4,4,22,0,0,0
Bernabe,0,16,0,0,100,3,4,0,4,1,1,4,5,60,0,0,0
Alfredo,0,22,1,1,100,2,4,0,1,0,1,4,5,22,1,0,1
Pascual,0,24,1,1,60,3,4,1,3,2,0,5,5,60,1,0,1
Paola,0,24,0,1,100,3,5,0,3,2,1,1,5,22,0,0,0
Rodrigo,0,22,0,1,60,0,3,0,3,2,1,3,4,45,0,1,2
Adan,1,19,1,1,0,2,3,1,1,1,1,5,4,22,0,1,0
Fidel,1,22,0,1,100,3,2,1,1,2,0,4,1,60,0,0,0
Paola,0,19,0,1,20,3,5,0,3,2,1,3,5,22,0,0,2
Georgina,0,15,0,0,80,2,5,0,3,2,0,5,5,22,0,0,0
Esteban,0,19,0,1,100,3,4,1,3,2,1,5,5,45,0,0,0
Abel,0,19,0,1,100,3,4,0,4,2,0,3,5,22,0,0,1
Alfredo,0,24,1,1,100,2,5,1,3,2,0,5,5,10,1,0,0
MarcoAntonio,0,19,1,1,60,3,4,0,2,2,1,3,5,10,0,0,0
Nadia,0,22,1,1,100,3,5,0,4,2,0,4,5,45,0,1,2
Raquel,0,22,0,1,100,3,4,0,3,1,0,5,4,22,2,0,0
Camilo,0,22,1,1,100,3,4,1,3,1,1,4,4,45,0,0,0
Zeferino,0,19,0,1,80,3,5,0,3,2,1,3,5,45,1,0,0
Teresa,0,19,1,1,100,3,4,0,4,1,0,3,5,22,0,0,1
Hugo,0,22,1,1,100,2,5,1,3,2,0,3,4,22,0,1,1
Beatriz,1,16,1,0,60,1,2,1,2,1,0,3,2,45,0,0,1
Eugenio,0,24,0,1,100,2,5,0,3,2,0,3,5,45,0,0,0
Javier,0,22,0,1,80,2,5,1,1,1,1,2,5,10,0,0,0
DulceMaria,1,24,1,1,100,3,4,0,3,2,0,1,5,22,0,0,1
Karla,0,22,0,1,100,3,4,0,2,1,1,4,4,10,0,1,0
Evelio,1,24,0,1,60,3,3,1,2,2,1,2,2,60,1,0,2
Pamela,0,22,0,1,60,3,3,0,2,2,1,3,4,22,2,0,2
Andrea,0,16,0,0,80,3,5,0,2,2,0,5,5,22,0,0,0
Guillermina,0,19,1,1,60,3,4,0,3,1,0,5,5,45,0,0,1
MariaElena,1,19,0,1,80,1,2,1,2,2,0,5,2,45,0,1,0
Agustin,1,19,0,1,100,0,4,1,3,2,0,5,3,22,2,0,1
JoseLuis,0,19,0,1,80,3,5,0,3,0,1,3,5,10,0,1,0
Florencia,0,19,1,1,100,2,3,0,2,2,0,2,3,10,1,0,0
Israel,0,19,1,1,60,3,4,0,4,2,0,4,5,10,0,0,1
Rufino,0,19,1,1,60,2,4,0,3,1,0,3,5,22,1,0,1
FranciscoJavier,1,22,1,1,20,2,3,1,3,2,0,4,3,22,0,1,2
Zoe,0,15,0,0,0,3,4,1,4,2,1,5,4,60,0,0,1
Anel,0,24,1,1,100,3,5,1,4,2,0,4,5,60,0,1,0
Elena,0,22,1,1,100,3,5,0,2,2,0,3,5,22,1,0,0
Socorro,1,16,1,0,60,2,2,1,3,1,1,5,2,45,0,0,1
Arturo,1,22,1,1,100,2,2,0,3,2,1,3,1,60,1,0,0
Raul,1,22,0,1,100,3,5,0,3,2,0,1,4,60,0,0,2
Aida,1,22,0,1,0,3,2,1,2,1,0,2,1,45,0,0,1
Amador,0,24,1,1,100,2,4,0,3,2,0,5,5,22,1,0,0
Hector,0,19,0,1,100,2,5,1,2,2,1,5,5,22,0,0,2
Antonia,0,22,1,1,80,3,5,0,1,2,0,3,5,10,0,0,0
Guadalupe,0,16,0,0,60,3,3,0,3,1,1,3,3,10,0,0,2
Leonardo,0,19,0,1,80,3,5,1,2,2,0,3,4,22,2,1,0
Georgina,0,22,0,1,100,2,4,0,1,2,0,3,4,60,0,0,0
Claudio,1,16,1,0,20,1,3,1,2,2,0,4,3,22,0,0,1
Nayeli,0,19,0,1,100,3,4,1,1,1,0,4,5,45,0,0,0
Ilse,1,22,1,1,80,3,3,0,2,2,1,3,2,10,0,0,0
Flavio,0,16,1,0,60,1,4,0,3,2,0,4,4,45,0,0,2
Samuel,0,19,1,1,100,0,5,1,3,2,0,4,2,22,0,0,0
Caridad,1,24,0,1,100,1,1,1,4,2,0,3,1,22,0,0,1
Silvia,0,24,1,1,80,3,5,0,2,2,0,1,5,45,1,1,0
Araceli,1,19,1,1,20,2,1,1,4,2,1,2,3,45,0,1,1
JoseMaria,1,22,1,1,80,1,4,1,3,2,1,1,4,60,1,0,0
Raquel,1,19,1,1,100,2,4,0,4,2,1,4,5,60,0,0,0
Eva,1,22,0,1,60,2,4,0,3,1,0,4,4,10,0,1,2
Ivan,0,16,1,0,100,2,5,0,3,2,0,1,5,22,0,0,2
Laura,0,24,1,1,100,2,5,0,2,1,1,3,5,10,0,0,0
Angela,1,19,0,1,20,2,3,0,3,1,0,2,2,10,1,1,2
Porfirio,1,19,1,1,100,3,3,1,3,2,1,4,4,22,2,1,1
Vicente,0,16,1,0,80,3,3,0,3,1,0,3,3,10,0,0,0
MariaTeresa,1,19,0,1,20,0,3,1,3,2,0,3,4,60,0,0,2
Evelio,0,24,0,1,100,2,5,0,3,1,0,5,5,60,0,1,0
Rodolfo,0,24,0,1,100,3,4,0,1,2,0,2,5,22,1,1,0
MariaEugenia,0,22,1,1,80,2,5,0,3,2,1,4,4,60,0,0,0
Cristobal,1,22,0,1,100,1,3,0,4,1,0,3,3,45,1,0,1
Marisol,0,16,1,0,100,3,5,0,4,2,0,5,5,22,0,0,0
Socorro,0,24,0,1,100,2,5,1,3,2,1,2,4,10,0,1,0
Martha,1,19,0,1,60,1,5,0,2,1,1,4,3,22,0,1,2
Elisa,1,22,1,1,60,2,3,1,3,2,1,5,2,22,1,1,2
Salvador,0,19,1,1,100,2,5,0,4,2,0,4,4,10,0,0,0
Karina,0,19,0,1,100,3,5,0,2,2,1,1,4,10,0,0,0
Evelio,1,22,1,1,60,0,2,1,2,2,1,4,1,22,1,1,2
Perla,1,19,0,1,100,0,5,0,3,0,1,4,2,10,1,0,0
Marisela,0,22,1,1,100,3,4,0,2,2,0,3,5,45,0,0,0
Carla,1,22,0,1,100,1,1,0,3,2,0,4,2,60,2,1,0
Roberto,1,22,0,1,80,1,2,1,3,2,0,3,1,22,0,1,2
Liliana,0,16,0,0,100,3,5,0,4,1,0,5,5,10,0,0,0
Teresa,0,16,1,0,100,3,5,0,3,2,0,4,5,45,0,1,0
Julio,0,16,1,0,80,0,3,0,2,2,0,5,4,22,0,0,1
Araceli,0,22,0,1,80,3,4,0,2,2,1,3,4,10,0,0,2
MarcoAntonio,0,19,1,1,80,3,3,0,4,2,0,4,4,10,0,1,0
Silvano,0,19,1,1,80,2,5,0,3,1,0,5,5,60,0,0,0
Pedro,0,22,0,1,100,2,5,0,4,2,0,2,4,22,1,0,0
Isabela,0,19,1,1,80,3,4,0,1,1,1,5,4,22,0,0,1
Dario,0,16,0,0,100,2,5,1,3,1,1,3,4,45,0,0,0
Joaquin,0,19,1,1,100,1,4,1,4,2,0,4,3,22,0,0,0
Vanesa,0,19,1,1,100,3,5,0,3,2,0,4,4,45,0,0,0
Mariano,0,16,0,0,60,3,5,0,4,1,1,2,4,10,0,0,2
Judith,0,24,0,1,20,3,4,0,3,2,0,4,5,10,1,0,1
Debora,0,19,0,1,60,2,5,0,4,1,0,1,5,60,1,0,2
Ines,1,15,1,0,60,1,3,1,3,2,0,5,4,45,0,0,1
Amanda,0,16,1,0,100,3,5,0,2,2,0,3,4,10,0,0,1
Felix,0,16,0,0,100,2,4,1,2,2,1,3,4,10,0,0,2
Eva,1,19,1,1,100,3,2,1,3,2,1,4,3,10,1,0,2
Carla,0,19,1,1,80,3,5,0,3,1,1,4,5,10,0,0,0
Pascual,1,16,0,0,100,1,3,1,3,2,1,3,2,10,0,0,2
Berta,0,19,0,1,100,3,5,0,3,1,0,4,5,22,1,0,1
Abril,0,22,0,1,100,3,4,0,3,1,0,2,5,45,0,0,0
Amanda,0,15,1,0,80,1,5,0,3,2,0,3,3,45,0,1,1
Marcela,1,19,0,1,80,1,1,0,3,2,0,3,2,22,0,0,0
Anabel,1,22,1,1,100,2,2,1,2,2,1,2,1,10,1,1,1
Julio,0,16,0,0,60,2,5,0,3,2,0,2,5,45,0,0,2
Guillermo,0,19,1,1,80,3,5,0,2,2,0,3,5,60,0,0,0
Adan,1,19,0,1,100,0,4,0,2,2,1,4,3,22,1,0,0
Estela,0,16,0,0,100,1,3,0,2,2,1,3,4,45,0,0,0
LuisMiguel,0,24,1,1,60,3,3,0,3,2,1,4,3,10,1,1,0
Margarita,1,19,1,1,100,1,5,1,3,2,0,3,2,45,0,0,0
Barbara,1,22,1,1,0,3,2,0,4,2,1,5,3,22,0,0,1
Olivia,0,16,0,0,80,2,5,0,3,2,0,4,4,60,0,0,0
Homero,1,16,0,0,0,1,2,1,3,2,0,5,1,22,0,0,2
Teresa,0,19,1,1,80,3,5,0,3,2,1,3,4,22,0,0,2
Emilia,1,19,1,1,100,1,3,1,3,0,1,4,3,10,0,0,2
Gustavo,0,24,1,1,80,3,4,0,1,2,0,5,5,10,0,0,0
Luz,1,19,0,1,0,0,1,0,4,2,0,2,2,10,1,1,0
Rodolfo,0,15,0,0,20,2,3,0,3,2,1,5,3,10,0,0,2
Adan,0,19,0,1,80,2,5,0,1,2,0,4,5,22,0,0,1
Anabel,0,19,0,1,80,3,5,0,3,2,0,3,5,45,1,0,0
Felipe,0,24,0,1,100,3,5,0,3,2,0,4,4,10,0,0,2
Arturo,1,22,1,1,20,3,3,1,3,2,1,1,4,10,0,1,2
Eva,0,19,1,1,100,3,5,0,4,1,1,4,4,22,0,0,1
AnaMaria,0,19,1,1,80,2,4,0,3,2,0,5,5,22,1,0,0
Jorge,0,16,0,0,60,3,1,0,2,2,0,3,3,10,0,0,2
Espartaco,0,19,0,1,100,3,5,0,4,0,0,5,4,10,0,0,1
Eva,0,16,1,0,100,3,4,0,3,1,0,3,5,10,0,0,0
Diego,1,19,1,1,100,0,4,1,4,2,0,2,3,60,1,0,0
Celia,1,24,0,1,100,2,2,0,4,2,0,3,2,22,1,0,2
Frida,0,22,1,1,80,3,5,0,4,2,0,1,4,10,0,0,0
Delia,0,19,0,1,0,3,4,0,3,2,0,4,5,45,0,0,0
FranciscoJavier,0,24,1,1,100,2,5,0,1,2,0,1,5,10,1,0,0
Gonzalo,0,19,1,1,100,3,5,0,3,2,0,4,5,22,1,0,1
Andres,0,19,0,1,80,3,4,1,2,2,1,4,4,22,0,0,2
Esteban,0,16,0,0,80,3,4,0,2,2,1,4,4,60,0,1,0
Luz,0,19,0,1,80,3,5,0,3,2,0,4,4,10,0,0,0
Jonas,1,19,1,1,60,3,3,0,3,2,1,5,2,60,0,1,1
Berta,0,16,0,0,100,3,5,0,3,2,0,1,4,10,0,0,0
Margarita,0,24,0,1,80,3,5,1,2,1,0,3,5,45,0,0,0
Santiago,0,16,1,0,100,2,4,0,1,0,0,3,5,45,0,0,2
Alicia,1,24,1,1,80,1,4,1,4,2,0,3,2,10,0,0,1
Gregorio,0,24,1,1,100,1,5,0,2,1,1,1,3,22,1,1,0
Hernan,0,24,1,1,100,2,4,0,3,1,0,1,5,45,0,1,2
Conchita,1,22,1,1,100,2,3,1,3,2,1,3,2,22,0,1,0
Lorena,0,19,0,1,60,1,3,1,2,2,0,4,4,22,2,0,2
Rodolfo,0,22,0,1,80,2,5,0,2,2,1,4,5,45,0,1,0
Maximiliano,0,24,1,1,80,2,4,0,2,2,0,3,4,60,1,0,0
Virginia,0,16,1,0,100,3,5,0,4,2,0,3,5,10,0,0,0
Teodoro,0,16,0,0,100,3,5,0,3,2,1,2,5,10,0,0,2
Jesus,0,19,1,1,100,2,5,0,2,2,0,5,4,22,1,0,0
Bianca,0,16,0,0,80,3,4,0,3,0,1,1,5,60,0,0,0
Alonso,0,19,0,1,60,3,3,0,4,2,1,3,2,22,0,0,2
Martin,0,19,1,1,20,2,4,0,3,2,1,3,5,10,0,0,1
Oswaldo,1,16,0,0,80,3,2,1,4,2,0,4,1,22,0,0,1
JuanCarlos,1,22,0,1,60,0,2,0,3,1,1,5,2,60,0,1,2
Rufino,0,22,0,1,100,2,4,1,4,2,0,3,5,22,1,1,0
Catalina,1,22,1,1,100,2,5,0,3,2,0,5,5,60,0,0,1
Mariana,0,16,1,0,60,3,3,0,3,2,0,4,4,10,0,0,0
Itzel,1,19,0,1,80,0,2,0,3,2,1,1,2,10,1,1,0
Guillermina,0,16,0,0,100,2,4,0,3,2,1,2,4,45,0,0,0
Wilfrido,0,16,0,0,100,3,5,0,3,2,1,4,5,10,0,0,0
Gilberto,0,19,0,1,80,2,3,0,3,2,1,3,3,10,2,0,0
Alma,0,19,0,1,80,3,5,0,3,2,0,5,4,45,0,0,1
Jose,0,19,1,1,100,2,5,0,2,2,0,4,4,22,1,0,0
Rosario,1,16,0,0,100,3,3,1,4,2,0,5,3,22,0,1,0
Reina,1,16,0,0,100,2,2,0,2,0,0,3,2,60,0,0,0
Alvaro,0,19,0,1,0,3,3,1,3,2,0,2,3,45,0,0,1
Rosalia,1,19,0,1,80,3,3,0,1,0,0,3,4,22,0,0,0
Socorro,1,22,1,1,60,1,2,0,3,2,1,4,2,45,0,0,2
Bernabe,0,19,1,1,100,3,5,0,3,1,0,4,5,60,0,0,0
Pedro,0,22,0,1,100,3,5,0,3,2,1,5,4,10,0,0,2
Paola,1,19,1,1,80,2,5,0,4,2,1,3,5,60,0,0,0
Rebeca,1,22,0,1,100,1,5,1,2,1,1,4,4,22,0,0,0
Debora,1,24,1,1,80,2,5,1,2,1,0,5,4,10,0,1,0
Carla,0,24,1,1,100,3,4,0,2,2,1,5,5,10,2,1,0
Karla,0,19,0,1,100,3,3,0,4,2,1,3,2,10,0,0,0
Sonia,1,19,1,1,60,3,1,1,1,2,1,4,1,22,1,0,1
Nancy,0,22,1,1,100,3,4,0,3,2,1,1,4,10,0,0,1
Dalia,0,22,1,1,60,2,4,0,4,2,1,4,5,45,1,0,2
Concepcion,1,22,0,1,80,2,4,1,4,0,0,3,5,10,0,0,0
Rosalia,0,16,0,0,100,2,5,0,3,1,0,4,4,10,0,0,2
Delia,1,19,1,1,100,3,5,1,3,2,0,4,4,45,0,0,0
Rodrigo,0,19,1,1,20,2,5,1,4,2,0,3,4,22,1,0,2
Pamela,0,19,1,1,80,3,4,0,4,2,0,4,4,45,2,0,0
Esteban,1,16,0,0,100,3,2,1,3,2,1,3,3,22,0,0,0
Jonas,0,24,0,1,60,3,4,0,3,2,1,1,5,10,1,0,1
Wilfrido,0,19,1,1,100,3,5,0,2,0,0,2,5,10,0,0,1
Hernan,0,19,1,1,20,3,4,1,3,2,0,5,4,10,0,0,1
Nelly,0,16,0,0,80,3,5,0,4,2,1,4,4,22,0,0,0
Federico,0,19,1,1,0,3,4,0,4,2,0,3,5,45,1,0,0
Ana,1,19,0,1,60,1,5,1,2,2,0,1,3,10,0,0,1
Cecilia,0,19,1,1,80,3,5,0,3,1,0,4,5,45,2,0,0
Isabela,0,24,1,1,100,2,5,0,2,2,0,5,4,45,0,0,0
Rene,1,19,1,1,0,1,1,1,4,2,0,4,2,10,0,0,0
Joaquin,1,16,1,0,20,2,3,1,2,2,0,4,3,45,0,0,1
Cristina,0,19,1,1,80,3,5,0,3,2,1,5,5,22,1,0,0
Jeronimo,1,19,1,1,20,3,4,1,2,2,0,5,5,10,0,0,2
Rolando,0,15,1,0,100,2,4,0,3,2,0,5,5,60,0,0,1
Elsa,0,19,1,1,60,3,3,0,2,2,1,3,3,10,0,0,0
Clara,0,15,1,0,80,3,4,0,3,2,0,4,4,10,0,0,0
Javier,1,22,0,1,60,1,4,1,2,2,0,4,3,22,1,0,0
Guillermo,0,19,1,1,80,2,5,0,4,2,1,1,4,10,1,0,0
Itzel,1,19,1,1,60,2,4,1,3,2,1,5,4,22,0,0,0
Felipe,0,22,0,1,80,2,5,0,2,2,0,2,5,45,0,0,0
DulceMaria,0,22,1,1,80,3,5,0,4,2,0,5,5,10,0,1,0
Mitzy,1,19,0,1,20,2,3,0,3,2,0,4,3,22,0,0,0
Leonor,0,16,1,0,60,3,5,0,4,2,0,3,5,60,0,0,1
Lilia,1,16,0,0,100,2,5,1,4,2,1,5,5,10,0,1,0
Emilio,0,19,1,1,80,3,5,0,4,1,1,3,5,22,0,0,0
Daniel,0,16,0,0,100,3,5,0,3,2,0,4,4,60,0,0,0
Felix,0,15,0,0,0,3,4,0,1,2,1,3,5,10,0,0,1
Jacinto,1,16,0,0,60,2,3,0,3,2,1,4,2,10,0,0,0
Oswaldo,0,15,1,0,100,3,5,0,3,2,0,2,4,10,0,0,0
Soledad,0,19,1,1,80,3,4,1,2,2,1,1,4,22,0,0,0
Cynthia,0,19,0,1,20,2,5,0,4,2,1,5,5,60,0,0,2
Karina,0,24,1,1,100,3,5,0,4,2,1,4,4,10,2,0,0
Susana,0,22,1,1,100,3,4,0,1,2,0,4,5,22,2,0,1
Alfonso,1,15,0,0,0,3,4,1,1,2,1,4,5,45,0,0,1
Fernando,0,19,1,1,100,3,4,0,3,2,0,3,5,45,0,0,0
Ruby,0,22,0,1,100,3,4,0,3,2,0,3,5,10,1,0,0
Catalina,0,19,1,1,100,3,4,0,4,2,0,3,4,45,1,1,1
Violeta,0,15,1,0,80,2,5,0,2,2,1,2,5,22,0,0,2
AnaMaria,1,19,0,1,20,3,1,1,1,2,0,5,1,22,1,0,1
Esperanza,0,22,0,1,100,2,4,0,3,2,0,4,4,22,1,0,2
MariaJose,1,24,1,1,20,2,3,1,3,2,1,4,4,60,1,0,1
Andrea,0,19,0,1,100,3,5,0,1,2,1,3,5,10,1,0,0
Rodrigo,0,16,0,0,80,2,5,0,3,2,0,2,5,60,0,0,0
AnaMaria,1,19,1,1,0,3,2,1,4,2,0,5,3,45,0,0,2
Abigail,0,22,0,1,80,3,5,1,2,2,0,4,5,45,0,1,0
Geronimo,0,16,1,0,100,3,5,0,4,2,1,3,5,10,0,0,0
Carlos,0,22,1,1,100,3,5,0,3,2,1,4,5,60,0,0,1
Ivonne,0,22,0,1,80,3,5,0,2,2,1,2,5,45,0,1,0
Araceli,0,19,0,1,100,3,5,0,3,2,1,3,5,22,1,0,0
Cristobal,0,19,1,1,80,3,5,0,2,2,1,5,4,22,0,0,0
Leticia,1,19,0,1,80,3,3,0,2,0,0,5,3,60,0,0,1
Alejandro,0,22,0,1,80,3,5,0,4,1,1,4,4,22,0,0,0
Nayeli,0,24,0,1,80,3,5,0,3,2,0,2,5,10,0,0,0
Rocio,1,24,1,1,60,2,4,1,3,2,1,5,5,22,2,1,2
Diego,1,16,1,0,80,0,2,0,4,2,1,4,3,22,0,0,0
Alonso,1,19,0,1,100,2,4,0,3,2,1,4,5,45,0,0,1
Tania,0,19,1,1,80,3,5,1,1,2,1,4,5,45,1,0,0
Evelio,0,22,1,1,100,3,5,0,3,2,0,2,5,22,0,1,0
Jaqueline,0,22,0,1,60,2,4,0,4,2,0,2,5,10,1,1,2
Ruben,1,19,1,1,60,3,3,0,3,0,0,3,2,22,0,0,0
Monica,0,22,1,1,100,3,5,0,3,2,0,4,5,10,0,0,0
Tania,0,19,1,1,100,2,5,0,3,2,1,4,4,22,1,0,0
Estela,0,22,0,1,100,1,4,0,1,2,0,2,3,10,0,0,1
Gilberto,0,19,0,1,100,3,2,0,2,2,0,4,3,22,0,1,2
Paulina,1,19,0,1,100,1,2,1,2,0,0,2,1,10,0,0,1
Rosario,0,19,0,1,0,2,4,0,3,2,0,5,4,45,0,0,2
Juana,1,19,1,1,60,3,4,1,3,1,0,4,4,10,2,0,2
Minerva,1,22,0,1,60,1,3,1,4,0,0,4,3,22,0,1,1
Minerva,0,22,1,1,100,3,4,0,3,2,0,3,5,22,0,0,0
Jose,1,19,0,1,20,0,3,1,2,2,1,3,3,60,0,0,1
Francisca,0,22,1,1,100,3,5,0,3,2,1,3,4,45,0,0,1
Augusto,0,16,0,0,60,2,4,0,2,1,0,5,5,60,0,0,1
Gabino,1,16,1,0,60,3,2,0,1,2,0,4,2,22,0,0,2
Sergio,0,24,1,1,100,2,5,0,3,2,0,3,5,45,0,0,0
Andres,1,19,1,1,100,1,5,1,3,1,1,3,3,10,0,0,0
Andrea,0,22,0,1,100,1,5,0,2,2,0,5,3,10,0,0,0
Lilia,1,19,0,1,20,2,2,0,2,2,0,3,2,22,0,0,1
Omar,1,19,1,1,0,3,2,1,3,2,1,2,2,22,0,0,2
Gilberto,0,15,0,0,100,3,5,1,3,2,0,4,5,10,0,0,0
Barbara,1,22,0,1,60,3,5,1,3,1,0,3,4,45,1,1,2
Olivia,1,22,1,1,100,3,5,1,3,2,1,3,5,45,0,1,0
Sessa,0,19,1,1,80,3,4,1,1,1,0,5,4,10,1,0,2
Porfirio,1,19,0,1,80,1,2,1,3,2,0,4,2,22,0,0,2
Mayte,0,19,0,1,60,2,5,0,2,2,1,4,5,10,0,0,2
Rodolfo,0,16,0,0,100,3,5,1,3,2,1,2,4,22,0,0,2
Cornelio,1,24,0,1,0,1,2,0,4,1,1,5,2,10,0,0,1
Karla,0,15,1,0,80,3,5,1,2,2,0,5,4,10,0,0,0
Teresa,0,19,1,1,100,2,5,0,3,2,0,4,5,10,0,0,0
Helena,0,15,1,0,80,3,4,0,3,2,0,5,5,45,0,1,0
Arcelia,0,22,1,1,100,3,5,0,4,2,1,3,5,60,0,1,0
Yeni,1,19,0,1,80,3,3,0,4,2,0,5,3,10,0,0,1
Elisa,0,16,1,0,100,3,5,1,4,1,0,4,4,60,0,0,0
Gregorio,1,19,1,1,80,3,2,1,3,1,1,3,1,10,1,0,0
Yolanda,1,16,1,0,0,3,4,0,3,2,0,5,4,22,0,0,0
Anel,0,16,1,0,0,3,4,1,3,1,1,4,5,10,0,0,2
Judith,0,22,0,1,100,2,2,0,4,2,0,3,2,60,0,1,0
Fidel,0,24,0,1,80,3,5,0,3,1,1,3,5,10,1,0,0
Angel,0,22,1,1,100,2,5,0,2,2,0,3,4,45,0,1,2
Susana,0,19,0,1,100,2,5,0,3,2,0,2,5,10,1,0,1
Genaro,1,19,1,1,80,2,5,0,3,2,0,3,5,22,0,0,1
Beatriz,1,22,1,1,20,3,3,0,4,2,1,4,4,45,0,1,2
Andres,0,19,0,1,100,3,5,1,3,1,1,4,5,45,1,0,0
Marcos,0,19,0,1,80,2,4,0,3,0,0,5,5,45,0,1,0
Alfredo,0,22,0,1,80,2,4,0,4,2,0,2,4,22,0,1,0
Barbara,0,19,1,1,80,1,4,0,3,2,0,4,4,10,0,1,0
Cristian,1,19,1,1,80,2,2,0,3,2,1,3,1,45,0,0,0
Estela,0,19,1,1,100,3,5,0,3,1,1,3,4,10,0,0,0
Cristina,0,22,1,1,100,2,4,0,3,2,1,5,5,22,0,0,0
Roberto,1,16,0,0,20,0,3,0,3,2,0,3,2,45,0,0,1
Eloisa,0,24,1,1,100,2,4,0,3,2,0,4,5,10,0,1,0
Guadalupe,0,22,1,1,80,2,5,0,3,2,0,4,5,60,0,0,0
Miguel,1,22,0,1,0,3,2,0,3,2,0,5,1,10,2,1,2
Alejandro,0,16,0,0,60,3,3,0,2,2,1,3,3,22,0,0,1
Geronimo,1,22,1,1,80,0,4,1,3,2,0,5,4,45,0,0,2
Eugenia,0,22,0,1,0,3,4,0,4,1,0,5,4,45,0,0,1
Alonso,0,22,1,1,100,3,4,1,3,0,0,4,5,10,0,0,0
Cristal,1,16,1,0,0,3,1,0,3,2,0,2,2,10,0,1,0
MariaLuisa,0,22,0,1,60,3,4,0,3,2,0,3,5,22,0,0,2
Eduardo,1,22,0,1,100,3,3,1,1,2,1,3,3,60,1,1,0